dfds,sdfdsf,sdfsdfdsf,sdfdsfdsf,sdfdsfds,dsfdsf
Munich,Passau,next monday,Soulaimen CHoura,soulaimen@gmail.com,0015205165872
Munich,Passau,next monday,Soulaimen CHoura,soulaimen@gmail.com,0015205165872,bla bla and kartofel
Berlin,Munich,next tuesday,Naim Sliti,sou@na.com,0015205165872,"sofa, bank aï¿½nd living room"
Munich,Passau,2019-07-15T09:00:00.000+02:00,Alex Smith,alex.smith@mail.com,(+49) 1522547845,"a living room, 3 beds and 5 chairs"
Munich,Passau,2019-07-15T09:00:00.000+02:00,Alex Smith,alex.smith@mail.com,(+49) 1522547845,"a living room, 3 beds and 5 chairs"
/enter_data{},/enter_data{},2019-07-09T00:00:00.000+02:00,Blah Lool,blah@dsf.com,01524587444,3 offices
/enter_data{},/enter_data{},2019-07-09T00:00:00.000+02:00,Blah Lool,blah@dsf.com,01524587444,3 living rooms
/enter_data{},/enter_data{},2019-07-09T00:00:00.000+02:00,Blah Lool,blah@dsf.com,01524587444,3cups of sugar
/enter_data{},/enter_data{},2019-07-09T00:00:00.000+02:00,Blah Lool,blah@dsf.com,01524587444,4
/enter_data{},/enter_data{},2019-07-09T00:00:00.000+02:00,Blah Lool,blah@dsf.com,01524587444,4
Munich,my arrival is Paris,2019-08-14T00:00:00.000+02:00,Hakim Ziach,hakim@gmailc.com,015744587452,a children room and 3 beds
Munich,my arrival is Paris,2019-08-14T00:00:00.000+02:00,Hakim Ziach,hakim@gmailc.com,015744587452,3 cups of sugar
Munich,my arrival is Paris,2019-08-14T00:00:00.000+02:00,Hakim Ziach,hakim@gmailc.com,015744587452,3 cups of sugar
Munich,my arrival is Paris,2019-08-14T00:00:00.000+02:00,Hakim Ziach,hakim@gmailc.com,015744587452,3 cups of sugar
Munich,my arrival is Paris,2019-08-14T00:00:00.000+02:00,Hakim Ziach,hakim@gmailc.com,015744587452,3 cups of sugar,2019-07-08 13:11:01.808108
Munich,my arrival is Paris,2019-08-14T00:00:00.000+02:00,Hakim Ziach,hakim@gmailc.com,015744587452,3 cups of sugar,2019-07-08 13:12:34.279666
Munich,my arrival is Paris,2019-08-14T00:00:00.000+02:00,Hakim Ziach,hakim@gmailc.com,015744587452,3 cups of sugar,2019-07-08 13:13:54.052656
Munich,my arrival is Paris,2019-08-14T00:00:00.000+02:00,Hakim Ziach,hakim@gmailc.com,015744587452,3 cups of sugar,2019-07-08 13:18:35.241818
Vienna,Chongqing,2019-12-10T00:00:00.000+01:00,Soulaimen CHoura,sad@sdf.com,0015205165872,blah blah and sofa,2019-07-09 15:17:53.540340
Vienna,Chongqing,2019-12-10T00:00:00.000+01:00,Soulaimen CHoura,sad@sdf.com,0015205165872,blah blah and sofa,2019-07-09 15:18:36.727131
Vienna,Chongqing,2019-12-10T00:00:00.000+01:00,Soulaimen CHoura,sad@sdf.com,0015205165872,blah blah and sofa,2019-07-09 15:24:02.436950
Munich,Berlin,2019-07-15T00:00:00.000+02:00,SOulaimen,sou@gmail.com,0152051658754,"one bed room, a sofa, piano and  4 chairs",2019-07-10 12:53:41.154225
Munich,Zurich,2019-07-15T00:00:00.000+02:00,Soulaimen CHoura,a.@a.com,015205165872,Sofa,2019-07-10 13:00:42.596515
Munich,Zurich,2019-07-15T00:00:00.000+02:00,Soulaimen CHoura,a.@a.com,015205165872,Sofa,2019-07-10 13:02:13.717763
dfghfd,dfgfdgd,2020-01-01T00:00:00.000+01:00,jdfgfd,hgxcvbfdsfgb@dfgdf.com,56416541,sofa sofa sposdsfdskjf,2019-07-11 16:26:14.502249
Munich,Berlin,2020-01-01T00:00:00.000+01:00,Sou,sou@sou.com,123,Sofa,2019-07-12 14:17:20.959079
Munich,Berlin,2020-01-01T00:00:00.000+01:00,Sou,sou@sou.com,123,Sofa,2019-07-12 14:21:14.483182
Munich,Berlin,2020-01-01T00:00:00.000+01:00,Sou,sou@sou.com,123,SOFA,2019-07-12 14:26:40.589541
Munich,Berlin,2019-08-01T00:00:00.000+02:00,Sou,souqsou.de,123,Sofa,2019-07-12 15:19:06.039169
Munich,Berlin,2019-08-01T00:00:00.000+02:00,Sou,souqsou.de,123,Sofa,2019-07-12 15:33:47.993825
Berlin,Munich,2020-01-01T00:00:00.000+01:00,Bou,bou@bou.com,123,"Sofa, living room and TV",2019-07-12 15:36:54.580337
gagaga,bababa,2020-01-01T00:00:00.000+01:00,bobo,bo@bo.com,147,bo bob bo,2019-07-12 15:58:05.257345
Munich,Berlin,2020-02-01T00:00:00.000+01:00,Boo,q@q.com,123,dfgdf,2019-07-12 16:11:29.688519
Munich,Berlin,2020-03-01T00:00:00.000+01:00,Boma,q@q.com,145,Bed,2019-07-12 16:15:19.438449
dfgh,dfgf,2020-01-01T00:00:00.000+01:00,dfgdfg,q@q.com,564,Sofa,2019-07-12 16:19:43.162166
dfgdf,dgfdgd,2019-07-19T00:00:00.000+02:00,jksdfgsdkjlf,yxhf@fdg,234156,ujisdf hsdf sdfhjisdfb dsf,2019-07-12 16:27:53.347881
hjfjh,gfhfgh,2020-01-01T00:00:00.000+01:00,jhdfgfd,"q@q,comn",5645,jhiksdf jksdfdsfds,2019-07-12 16:49:17.168064
hjfjh,gfhfgh,2020-01-01T00:00:00.000+01:00,jhdfgfd,"q@q,comn",5645,sofa,2019-07-12 16:49:41.133518
fdgfd,dfgdfgfd,2020-01-01T00:00:00.000+01:00,dsfgdsfgd,wqq@qwq.com,56456,dfgdfgdf,2019-07-12 16:51:45.481862
fghf,gfhgfh,2020-01-01T00:00:00.000+01:00,dfsgdfg,dfgdfgga dfgdfg sofa,5464654,q@q.com,2019-07-12 17:02:34.744554
fghf,gfhgfh,2020-01-01T00:00:00.000+01:00,dfsgdfg,dfgdfgga dfgdfg sofa,5464654,q@q.com,2019-07-12 17:03:40.093912
nudf,dfghfd,2020-10-10T00:00:00.000+02:00,fdsgdfs,Bed,024154,qq@q.com,2019-07-12 17:31:57.128566
Berlin,Manana,2020-11-11T00:00:00.000+01:00,Soulaimen,00123,00123,hahaha,2019-07-15 10:41:59.988162
muc,sech,2020-11-11T00:00:00.000+01:00,Suu,i dont know yet,123456,qq@qq.com,2019-07-15 10:54:38.815993
Munich,Munich,2020-01-01T00:00:00.000+01:00,my name is Balha,why asking for my volume,wanna continue,sdhfgdsf,2019-07-15 14:56:03.646571
Munich,Munich,2020-01-01T00:00:00.000+01:00,my name is Balha,why asking for my volume,wanna continue,sdhfgdsf,2019-07-15 14:59:49.989315
Munich,Passau,2019-11-11T00:00:00.000+01:00,Sou,blah tarara,0123,q@q.com,2019-07-16 13:34:15.987864
munich,tunisia,2019-07-16T00:00:00.000+02:00,dhia,explain,:p,m@m.de,2019-07-17 09:45:56.501797
munich,tunisia,2019-07-16T00:00:00.000+02:00,dhia,explain,:p,m@m.de,2019-07-17 09:50:46.136834
munich,tunisia,2019-07-16T00:00:00.000+02:00,dhia,explain,:p,m@m.de,2019-07-17 09:51:29.036961
Munich,Passau,2019-08-01T00:00:00.000+02:00,soulaimen choura,5 beds and 3 chairs,0017256587455,sou@sou.sou,2019-07-18 11:16:01.032088
Munich,Berlin,2019-08-01T00:00:00.000+02:00,Marc,a whole house,001522255555,q@q.com,2019-07-19 10:27:03.761210
Munich,Cologne,2019-07-22T00:00:00.000+02:00,Adela,"Four-poster bed
Murphy bed
Platform bed
Sleigh bed
Waterbed
Daybed
Futon",53435213214651,q@q.com,2019-07-19 10:57:01.616542
Munich,Passau,2019-09-01T00:00:00.000+02:00,Soulaimen,"Bench, Couch, Sofa, Accubita and Canapé",(+49) 15205165872,soulaimen@gmail.com,2019-07-19 11:49:17.758403
Munich,Passau,2019-09-01T00:00:00.000+02:00,Jenny,hjsdfb sdfjhdsfbsd fsdhjkfjsd fsdkjfsdf,5645645641564,uisfgs@sdtfgd.com,2019-07-19 12:22:31.666325
Munich,Passau,2019-09-01T00:00:00.000+02:00,Jenny,hjsdfb sdfjhdsfbsd fsdhjkfjsd fsdkjfsdf,5645645641564,uisfgs@sdtfgd.com,2019-07-19 12:23:15.781054
Munich,Passau,2019-09-01T00:00:00.000+02:00,my name si Soulaimen,kjsdf sdjkfndsf sd,56465461654,q@q.com,2019-07-19 13:05:10.964849
Munich,Munich,2020-03-01T00:00:00.000+01:00,soulaimen,sdhjf sdhjdsfbdsf,45454545,q@q.com,2019-07-19 13:08:40.154582
Munich,Passau,"{'from': '2019-08-09T04:00:00.000+02:00', 'to': '2019-08-09T12:00:00.000+02:00'}",Soulaimen CHoura,piano and living room,0123456789,sou@sou.com,2019-08-07 11:58:10.921644,created
Munich,Paris,2019-08-08T00:00:00.000+02:00,dhia,1555kg,5464514564,asou@asou.asou,2019-08-07 14:38:28.324814,created
Munich,Berlin,2020-11-11T00:00:00.000+01:00,Ahmed,Sofa,0123456789,ahmed@ahmed.com,2019-08-08 10:11:48.657048,created
Munich,Berlin,2019-09-12T00:00:00.000+02:00,Lewis Graham,TV,0152112233,lewis@jtel.de,2019-08-14 11:33:02.200014,created
Munich,Berlin,2019-09-12T00:00:00.000+02:00,Lewis Graham,TV,0152112233,lewis@jtel.de,2019-08-14 11:45:51.922569,created
Munich,Paris,2019-10-10T00:00:00.000+02:00,i am sou chou,explain,0147852,sc@sc.com,2019-09-16 15:14:51.990180,created
"['Passau', 'Berlin']",Berlin,2019-10-01T00:00:00.000+02:00,my name is alex,sofa,123458,s@f.com,2019-09-17 12:23:52.976690,created
Berlin,Munich,2019-10-14T00:00:00.000+02:00,Jenny,a big room,012345678,a@a.com,2019-10-08 17:30:42.813505,created
Munich,Passau,2019-11-18T00:00:00.000+01:00,Tom,Three bureau and one blah,017631547799,Tom@jtel.de,2019-11-14 10:31:31.607261,created
Munich,Berlin,2019-12-09T00:00:00.000+01:00,Akela,I dont know yet,012345,a@a.com,2019-12-06 17:57:05.698743,created
Munich,Berlin,2019-12-09T00:00:00.000+01:00,Akela,I dont know yet,012345,a@a.com,2019-12-06 17:57:20.701458,created
Passau,Munich,2019-12-16T00:00:00.000+01:00,Soulaimen CHoura,A full house,015205165872,sou@sou.com,2019-12-13 21:46:04.167951,created
Berlin,Munich,2020-01-27T00:00:00.000+01:00,Soulaimen Choura,My whole office,015205165872,Soulaimen.choura@gmail.com,2020-01-20 12:41:28.274882,created
